dataset,modality,context,injector,targets_subdimension,dimension,dose,realized_dose,seed,model,n_train,n_test,units,downstream_auc,downstream_ece,downstream_brier,evaluator,worst_subgroup_auc,subgroup_auc_gap,n_subgroups_scored
framingham,tabular,health,label_flip,label_integrity,content_safety,0.0,0.0,0,logreg,3180,1060,fraction,0.6929991225585364,0.02951322415870826,0.12030853289989708,clean held-out test set (no pre-training detector reused),0.52,0.0,1.0
framingham,tabular,health,label_flip,label_integrity,content_safety,0.0,0.0,0,xgboost,3180,1060,fraction,0.646294364338568,0.055560903584821825,0.12848515750293016,clean held-out test set (no pre-training detector reused),0.352,0.0,1.0
framingham,tabular,health,label_flip,label_integrity,content_safety,0.03,0.029874213836477988,0,logreg,3180,1060,fraction,0.6928471248246844,0.03107901477419494,0.12036450838981179,clean held-out test set (no pre-training detector reused),0.544,0.0,1.0
framingham,tabular,health,label_flip,label_integrity,content_safety,0.03,0.029874213836477988,0,xgboost,3180,1060,fraction,0.6429711411575317,0.05201157097032575,0.12872416929196706,clean held-out test set (no pre-training detector reused),0.592,0.0,1.0
framingham,tabular,health,label_flip,label_integrity,content_safety,0.05,0.05,0,logreg,3180,1060,fraction,0.6896344454500861,0.03970466775259373,0.12223495761477607,clean held-out test set (no pre-training detector reused),0.48000000000000004,0.0,1.0
framingham,tabular,health,label_flip,label_integrity,content_safety,0.05,0.05,0,xgboost,3180,1060,fraction,0.6215532786602092,0.05585202612597846,0.13050699408831531,clean held-out test set (no pre-training detector reused),0.376,0.0,1.0
framingham,tabular,health,label_flip,label_integrity,content_safety,0.1,0.1,0,logreg,3180,1060,fraction,0.682559641838067,0.07432471012208029,0.125824911875912,clean held-out test set (no pre-training detector reused),0.472,0.0,1.0
framingham,tabular,health,label_flip,label_integrity,content_safety,0.1,0.1,0,xgboost,3180,1060,fraction,0.6308735033404956,0.0653401104891497,0.1346590112496171,clean held-out test set (no pre-training detector reused),0.264,0.0,1.0
framingham,tabular,health,label_flip,label_integrity,content_safety,0.2,0.2,0,logreg,3180,1060,fraction,0.6655289866587443,0.14869347974408242,0.1423184364801506,clean held-out test set (no pre-training detector reused),0.46399999999999997,0.0,1.0
framingham,tabular,health,label_flip,label_integrity,content_safety,0.2,0.2,0,xgboost,3180,1060,fraction,0.5930191586234532,0.13769278191030027,0.15364127453216167,clean held-out test set (no pre-training detector reused),0.48,0.0,1.0
framingham,tabular,health,label_flip,label_integrity,content_safety,0.3,0.3,0,logreg,3180,1060,fraction,0.6620744927075632,0.21079033586976065,0.16608559440141077,clean held-out test set (no pre-training detector reused),0.544,0.0,1.0
framingham,tabular,health,label_flip,label_integrity,content_safety,0.3,0.3,0,xgboost,3180,1060,fraction,0.552801940043803,0.20633210018980058,0.18263733440325633,clean held-out test set (no pre-training detector reused),0.488,0.0,1.0
framingham,tabular,health,label_flip,label_integrity,content_safety,0.4,0.4,0,logreg,3180,1060,fraction,0.5761612281416896,0.2801853115672382,0.2042894774795984,clean held-out test set (no pre-training detector reused),0.44,0.0,1.0
framingham,tabular,health,label_flip,label_integrity,content_safety,0.4,0.4,0,xgboost,3180,1060,fraction,0.537387988033633,0.2715425859293285,0.21369342206871747,clean held-out test set (no pre-training detector reused),0.392,0.0,1.0
framingham,tabular,health,label_flip,label_integrity,content_safety,0.0,0.0,1,logreg,3180,1060,fraction,0.7329607085857992,0.02868305414930547,0.1165800121486672,clean held-out test set (no pre-training detector reused),,,
framingham,tabular,health,label_flip,label_integrity,content_safety,0.0,0.0,1,xgboost,3180,1060,fraction,0.6681544020616419,0.05832100647703726,0.12818252147335213,clean held-out test set (no pre-training detector reused),,,
framingham,tabular,health,label_flip,label_integrity,content_safety,0.03,0.029874213836477988,1,logreg,3180,1060,fraction,0.7303283841949992,0.05120076802973158,0.11793863611286752,clean held-out test set (no pre-training detector reused),,,
framingham,tabular,health,label_flip,label_integrity,content_safety,0.03,0.029874213836477988,1,xgboost,3180,1060,fraction,0.6512688356282688,0.04456623245232721,0.12939805603147608,clean held-out test set (no pre-training detector reused),,,
framingham,tabular,health,label_flip,label_integrity,content_safety,0.05,0.05,1,logreg,3180,1060,fraction,0.7359523003475221,0.04404059084749409,0.11860497580207323,clean held-out test set (no pre-training detector reused),,,
framingham,tabular,health,label_flip,label_integrity,content_safety,0.05,0.05,1,xgboost,3180,1060,fraction,0.6491201403906341,0.04999426477325132,0.12919675189798502,clean held-out test set (no pre-training detector reused),,,
framingham,tabular,health,label_flip,label_integrity,content_safety,0.1,0.1,1,logreg,3180,1060,fraction,0.7307636504328481,0.07522914717554996,0.12280804343065344,clean held-out test set (no pre-training detector reused),,,
framingham,tabular,health,label_flip,label_integrity,content_safety,0.1,0.1,1,xgboost,3180,1060,fraction,0.6276539149779949,0.07066769660274796,0.13946053064499983,clean held-out test set (no pre-training detector reused),,,
framingham,tabular,health,label_flip,label_integrity,content_safety,0.2,0.2,1,logreg,3180,1060,fraction,0.6953550874332418,0.13245121904674487,0.1381337101325139,clean held-out test set (no pre-training detector reused),,,
framingham,tabular,health,label_flip,label_integrity,content_safety,0.2,0.2,1,xgboost,3180,1060,fraction,0.5443177028997023,0.13446051697686032,0.15633823165844649,clean held-out test set (no pre-training detector reused),,,
framingham,tabular,health,label_flip,label_integrity,content_safety,0.3,0.3,1,logreg,3180,1060,fraction,0.688757003986486,0.207430705983057,0.16434575843035795,clean held-out test set (no pre-training detector reused),,,
framingham,tabular,health,label_flip,label_integrity,content_safety,0.3,0.3,1,xgboost,3180,1060,fraction,0.5032506788080614,0.21413022097340736,0.18366040324176244,clean held-out test set (no pre-training detector reused),,,
framingham,tabular,health,label_flip,label_integrity,content_safety,0.4,0.4,1,logreg,3180,1060,fraction,0.5776052066132832,0.27241178121250487,0.2008312941250401,clean held-out test set (no pre-training detector reused),,,
framingham,tabular,health,label_flip,label_integrity,content_safety,0.4,0.4,1,xgboost,3180,1060,fraction,0.4828622555081906,0.2696099843548716,0.21978497470512853,clean held-out test set (no pre-training detector reused),,,
framingham,tabular,health,label_flip,label_integrity,content_safety,0.0,0.0,2,logreg,3180,1060,fraction,0.7375620945287726,0.020816453872744865,0.1151352999125213,clean held-out test set (no pre-training detector reused),0.4827586206896552,0.19432471264367807,2.0
framingham,tabular,health,label_flip,label_integrity,content_safety,0.0,0.0,2,xgboost,3180,1060,fraction,0.682138193576023,0.05411097454719844,0.12437455161531516,clean held-out test set (no pre-training detector reused),0.39655172413793105,0.41594827586206884,2.0
framingham,tabular,health,label_flip,label_integrity,content_safety,0.03,0.029874213836477988,2,logreg,3180,1060,fraction,0.7334236107752576,0.024336072336298205,0.11614783288083214,clean held-out test set (no pre-training detector reused),0.46551724137931033,0.2323994252873563,2.0
framingham,tabular,health,label_flip,label_integrity,content_safety,0.03,0.029874213836477988,2,xgboost,3180,1060,fraction,0.6597530727723695,0.042042564121426415,0.12661024351434813,clean held-out test set (no pre-training detector reused),0.3620689655172414,0.5025143678160919,2.0
framingham,tabular,health,label_flip,label_integrity,content_safety,0.05,0.05,2,logreg,3180,1060,fraction,0.7397798796454307,0.04614441799683205,0.11654842648936539,clean held-out test set (no pre-training detector reused),0.4482758620689655,0.23922413793103448,2.0
framingham,tabular,health,label_flip,label_integrity,content_safety,0.05,0.05,2,xgboost,3180,1060,fraction,0.6638017396831538,0.044046286099045616,0.12638130363007308,clean held-out test set (no pre-training detector reused),0.5,0.0625,2.0
framingham,tabular,health,label_flip,label_integrity,content_safety,0.1,0.1,2,logreg,3180,1060,fraction,0.7347432274646086,0.06971694891407958,0.12105043408843243,clean held-out test set (no pre-training detector reused),0.65625,0.016163793103448176,2.0
framingham,tabular,health,label_flip,label_integrity,content_safety,0.1,0.1,2,xgboost,3180,1060,fraction,0.6584887279862373,0.061580057221218794,0.1318618088741204,clean held-out test set (no pre-training detector reused),0.41379310344827586,0.5028735632183907,2.0
framingham,tabular,health,label_flip,label_integrity,content_safety,0.2,0.2,2,logreg,3180,1060,fraction,0.7162271398862781,0.14457348109914928,0.1391644260676913,clean held-out test set (no pre-training detector reused),0.27586206896551724,0.5053879310344828,2.0
framingham,tabular,health,label_flip,label_integrity,content_safety,0.2,0.2,2,xgboost,3180,1060,fraction,0.6213598269989429,0.13451480228664736,0.14751912964169506,clean held-out test set (no pre-training detector reused),0.46551724137931033,0.08656609195402304,2.0
framingham,tabular,health,label_flip,label_integrity,content_safety,0.3,0.3,2,logreg,3180,1060,fraction,0.6815785655559317,0.18515769641185992,0.15798477707717914,clean held-out test set (no pre-training detector reused),0.6770833333333333,0.09877873563218398,2.0
framingham,tabular,health,label_flip,label_integrity,content_safety,0.3,0.3,2,xgboost,3180,1060,fraction,0.6035691831503602,0.1927202765390558,0.16701300893192625,clean held-out test set (no pre-training detector reused),0.396551724137931,0.17636494252873564,2.0
framingham,tabular,health,label_flip,label_integrity,content_safety,0.4,0.4,2,logreg,3180,1060,fraction,0.6591519908248642,0.2665967905381052,0.19497790263588222,clean held-out test set (no pre-training detector reused),0.375,0.07327586206896552,2.0
framingham,tabular,health,label_flip,label_integrity,content_safety,0.4,0.4,2,xgboost,3180,1060,fraction,0.5376090756465086,0.27120312830819837,0.21042390792087523,clean held-out test set (no pre-training detector reused),0.34375,0.12176724137931033,2.0
framingham,tabular,health,label_flip,label_integrity,content_safety,0.0,0.0,3,logreg,3180,1060,fraction,0.7278687845017583,0.020212109656561797,0.11504797950578392,clean held-out test set (no pre-training detector reused),,,
framingham,tabular,health,label_flip,label_integrity,content_safety,0.0,0.0,3,xgboost,3180,1060,fraction,0.6545713318455979,0.05641727432068264,0.12804909586960664,clean held-out test set (no pre-training detector reused),,,
framingham,tabular,health,label_flip,label_integrity,content_safety,0.03,0.029874213836477988,3,logreg,3180,1060,fraction,0.7277375137316133,0.02290979231440355,0.11571000971475173,clean held-out test set (no pre-training detector reused),,,
framingham,tabular,health,label_flip,label_integrity,content_safety,0.03,0.029874213836477988,3,xgboost,3180,1060,fraction,0.6699023760009396,0.03620973842719324,0.12538596332294255,clean held-out test set (no pre-training detector reused),,,
framingham,tabular,health,label_flip,label_integrity,content_safety,0.05,0.05,3,logreg,3180,1060,fraction,0.7285942282315064,0.039920853116125386,0.11699036262114199,clean held-out test set (no pre-training detector reused),,,
framingham,tabular,health,label_flip,label_integrity,content_safety,0.05,0.05,3,xgboost,3180,1060,fraction,0.643088593951872,0.04549409071739131,0.12964461740448996,clean held-out test set (no pre-training detector reused),,,
framingham,tabular,health,label_flip,label_integrity,content_safety,0.1,0.1,3,logreg,3180,1060,fraction,0.7309225571546024,0.07307000176418253,0.12065898888519001,clean held-out test set (no pre-training detector reused),,,
framingham,tabular,health,label_flip,label_integrity,content_safety,0.1,0.1,3,xgboost,3180,1060,fraction,0.6248281389259287,0.07229099270167218,0.13436464480548468,clean held-out test set (no pre-training detector reused),,,
framingham,tabular,health,label_flip,label_integrity,content_safety,0.2,0.2,3,logreg,3180,1060,fraction,0.7232604895708827,0.14717608183196557,0.13820439706098106,clean held-out test set (no pre-training detector reused),,,
framingham,tabular,health,label_flip,label_integrity,content_safety,0.2,0.2,3,xgboost,3180,1060,fraction,0.6044949875292769,0.13656949293008952,0.15091962872003867,clean held-out test set (no pre-training detector reused),,,
framingham,tabular,health,label_flip,label_integrity,content_safety,0.3,0.3,3,logreg,3180,1060,fraction,0.7115428460884764,0.21552978088978864,0.16567322361121875,clean held-out test set (no pre-training detector reused),,,
framingham,tabular,health,label_flip,label_integrity,content_safety,0.3,0.3,3,xgboost,3180,1060,fraction,0.6172558881849398,0.2106479402280079,0.1737248666610308,clean held-out test set (no pre-training detector reused),,,
framingham,tabular,health,label_flip,label_integrity,content_safety,0.4,0.4,3,logreg,3180,1060,fraction,0.44696315436751666,0.2768007320928505,0.20766076453402466,clean held-out test set (no pre-training detector reused),,,
framingham,tabular,health,label_flip,label_integrity,content_safety,0.4,0.4,3,xgboost,3180,1060,fraction,0.4727267702554253,0.2791875191524905,0.2255922610358665,clean held-out test set (no pre-training detector reused),,,
framingham,tabular,health,label_flip,label_integrity,content_safety,0.0,0.0,4,logreg,3180,1060,fraction,0.7300520246789048,0.019653313410975454,0.1161398634354795,clean held-out test set (no pre-training detector reused),0.7407407407407407,0.0,1.0
framingham,tabular,health,label_flip,label_integrity,content_safety,0.0,0.0,4,xgboost,3180,1060,fraction,0.6732186901940733,0.04744273725774068,0.12712097327830071,clean held-out test set (no pre-training detector reused),0.5277777777777778,0.0,1.0
framingham,tabular,health,label_flip,label_integrity,content_safety,0.03,0.029874213836477988,4,logreg,3180,1060,fraction,0.7248633747642308,0.03145609601062435,0.11679774296527705,clean held-out test set (no pre-training detector reused),0.6203703703703703,0.0,1.0
framingham,tabular,health,label_flip,label_integrity,content_safety,0.03,0.029874213836477988,4,xgboost,3180,1060,fraction,0.6660540697393239,0.03799210550913693,0.12659233720405147,clean held-out test set (no pre-training detector reused),0.4166666666666667,0.0,1.0
framingham,tabular,health,label_flip,label_integrity,content_safety,0.05,0.05,4,logreg,3180,1060,fraction,0.7271364317841079,0.035931207154876695,0.11747755357049731,clean held-out test set (no pre-training detector reused),0.7592592592592592,0.0,1.0
framingham,tabular,health,label_flip,label_integrity,content_safety,0.05,0.05,4,xgboost,3180,1060,fraction,0.6619708578890278,0.03407291386294054,0.1257574697117385,clean held-out test set (no pre-training detector reused),0.5,0.0,1.0
framingham,tabular,health,label_flip,label_integrity,content_safety,0.1,0.1,4,logreg,3180,1060,fraction,0.7203172607244764,0.08157877505234898,0.12317331059754784,clean held-out test set (no pre-training detector reused),0.5555555555555556,0.0,1.0
framingham,tabular,health,label_flip,label_integrity,content_safety,0.1,0.1,4,xgboost,3180,1060,fraction,0.6088200139561556,0.07086781317649304,0.13550917880520447,clean held-out test set (no pre-training detector reused),0.37037037037037035,0.0,1.0
framingham,tabular,health,label_flip,label_integrity,content_safety,0.2,0.2,4,logreg,3180,1060,fraction,0.7132424571124576,0.1382684513198969,0.1368220730138707,clean held-out test set (no pre-training detector reused),0.5185185185185186,0.0,1.0
framingham,tabular,health,label_flip,label_integrity,content_safety,0.2,0.2,4,xgboost,3180,1060,fraction,0.6486917831406877,0.12335212312744191,0.1437994015717709,clean held-out test set (no pre-training detector reused),0.6759259259259258,0.0,1.0
framingham,tabular,health,label_flip,label_integrity,content_safety,0.3,0.3,4,logreg,3180,1060,fraction,0.6941460145503286,0.22684465583424296,0.17274460424379487,clean held-out test set (no pre-training detector reused),0.4537037037037037,0.0,1.0
framingham,tabular,health,label_flip,label_integrity,content_safety,0.3,0.3,4,xgboost,3180,1060,fraction,0.6272601026675603,0.22551319057930191,0.18039085889452144,clean held-out test set (no pre-training detector reused),0.5,0.0,1.0
framingham,tabular,health,label_flip,label_integrity,content_safety,0.4,0.4,4,logreg,3180,1060,fraction,0.5777088414318187,0.27846073116042397,0.20399475178017185,clean held-out test set (no pre-training detector reused),0.4537037037037038,0.0,1.0
framingham,tabular,health,label_flip,label_integrity,content_safety,0.4,0.4,4,xgboost,3180,1060,fraction,0.5386730597834722,0.2743907546870551,0.21659614177366623,clean held-out test set (no pre-training detector reused),0.5740740740740741,0.0,1.0
framingham,tabular,health,range_violation,measurement_range_violation,physical_safety,0.0,0.0,0,logreg,3180,1060,fraction,0.6929991225585364,0.02951322415870826,0.12030853289989708,clean held-out test set (no pre-training detector reused),0.52,0.0,1.0
framingham,tabular,health,range_violation,measurement_range_violation,physical_safety,0.0,0.0,0,xgboost,3180,1060,fraction,0.646294364338568,0.055560903584821825,0.12848515750293016,clean held-out test set (no pre-training detector reused),0.352,0.0,1.0
framingham,tabular,health,range_violation,measurement_range_violation,physical_safety,0.03,0.029874213836477988,0,logreg,3180,1060,fraction,0.6826978215961145,0.024059072661128195,0.1226821048632289,clean held-out test set (no pre-training detector reused),0.48,0.0,1.0
framingham,tabular,health,range_violation,measurement_range_violation,physical_safety,0.03,0.029874213836477988,0,xgboost,3180,1060,fraction,0.6332571041668106,0.06493751790027466,0.12870687450555554,clean held-out test set (no pre-training detector reused),0.32799999999999996,0.0,1.0
framingham,tabular,health,range_violation,measurement_range_violation,physical_safety,0.05,0.05,0,logreg,3180,1060,fraction,0.6851712392651601,0.020176393885256463,0.1228567673765088,clean held-out test set (no pre-training detector reused),0.528,0.0,1.0
framingham,tabular,health,range_violation,measurement_range_violation,physical_safety,0.05,0.05,0,xgboost,3180,1060,fraction,0.6455827385846247,0.05955518167817369,0.12941481477249242,clean held-out test set (no pre-training detector reused),0.312,0.0,1.0
framingham,tabular,health,range_violation,measurement_range_violation,physical_safety,0.1,0.1,0,logreg,3180,1060,fraction,0.6800516792295097,0.023960857280046568,0.12330888277846903,clean held-out test set (no pre-training detector reused),0.552,0.0,1.0
framingham,tabular,health,range_violation,measurement_range_violation,physical_safety,0.1,0.1,0,xgboost,3180,1060,fraction,0.6515659221080704,0.05717144298701073,0.13008153503708342,clean held-out test set (no pre-training detector reused),0.416,0.0,1.0
framingham,tabular,health,range_violation,measurement_range_violation,physical_safety,0.2,0.2,0,logreg,3180,1060,fraction,0.6790015130683504,0.01970377277574528,0.12352180283303742,clean held-out test set (no pre-training detector reused),0.5920000000000001,0.0,1.0
framingham,tabular,health,range_violation,measurement_range_violation,physical_safety,0.2,0.2,0,xgboost,3180,1060,fraction,0.6474965282335791,0.06420239707507755,0.1284281512063799,clean held-out test set (no pre-training detector reused),0.352,0.0,1.0
framingham,tabular,health,range_violation,measurement_range_violation,physical_safety,0.3,0.3,0,logreg,3180,1060,fraction,0.681012028547938,0.020549188573855598,0.12326781895913466,clean held-out test set (no pre-training detector reused),0.456,0.0,1.0
framingham,tabular,health,range_violation,measurement_range_violation,physical_safety,0.3,0.3,0,xgboost,3180,1060,fraction,0.6595734390869082,0.052279633744444054,0.12730606186037954,clean held-out test set (no pre-training detector reused),0.368,0.0,1.0
framingham,tabular,health,range_violation,measurement_range_violation,physical_safety,0.4,0.4,0,logreg,3180,1060,fraction,0.6768182728912041,0.02089689227824726,0.12337359300346305,clean held-out test set (no pre-training detector reused),0.536,0.0,1.0
framingham,tabular,health,range_violation,measurement_range_violation,physical_safety,0.4,0.4,0,xgboost,3180,1060,fraction,0.6503983031525713,0.059078551303454734,0.12694378933340655,clean held-out test set (no pre-training detector reused),0.36,0.0,1.0
framingham,tabular,health,range_violation,measurement_range_violation,physical_safety,0.0,0.0,1,logreg,3180,1060,fraction,0.7329607085857992,0.02868305414930547,0.1165800121486672,clean held-out test set (no pre-training detector reused),,,
framingham,tabular,health,range_violation,measurement_range_violation,physical_safety,0.0,0.0,1,xgboost,3180,1060,fraction,0.6681544020616419,0.05832100647703726,0.12818252147335213,clean held-out test set (no pre-training detector reused),,,
framingham,tabular,health,range_violation,measurement_range_violation,physical_safety,0.03,0.029874213836477988,1,logreg,3180,1060,fraction,0.726756437449478,0.02314894040575615,0.11835249071654538,clean held-out test set (no pre-training detector reused),,,
framingham,tabular,health,range_violation,measurement_range_violation,physical_safety,0.03,0.029874213836477988,1,xgboost,3180,1060,fraction,0.6691009334042656,0.05699211274809643,0.12818136919794793,clean held-out test set (no pre-training detector reused),,,
framingham,tabular,health,range_violation,measurement_range_violation,physical_safety,0.05,0.05,1,logreg,3180,1060,fraction,0.7248633747642308,0.02400707879005253,0.11891066459130782,clean held-out test set (no pre-training detector reused),,,
framingham,tabular,health,range_violation,measurement_range_violation,physical_safety,0.05,0.05,1,xgboost,3180,1060,fraction,0.6555109542003192,0.05859193191182678,0.12900710541945662,clean held-out test set (no pre-training detector reused),,,
framingham,tabular,health,range_violation,measurement_range_violation,physical_safety,0.1,0.1,1,logreg,3180,1060,fraction,0.7234677592079536,0.024776135567032304,0.119164459704711,clean held-out test set (no pre-training detector reused),,,
framingham,tabular,health,range_violation,measurement_range_violation,physical_safety,0.1,0.1,1,xgboost,3180,1060,fraction,0.6584887279862374,0.06813378032859205,0.12803412250078616,clean held-out test set (no pre-training detector reused),,,
framingham,tabular,health,range_violation,measurement_range_violation,physical_safety,0.2,0.2,1,logreg,3180,1060,fraction,0.7151769737251189,0.025906484140848948,0.11987327147791733,clean held-out test set (no pre-training detector reused),,,
framingham,tabular,health,range_violation,measurement_range_violation,physical_safety,0.2,0.2,1,xgboost,3180,1060,fraction,0.6698194681461112,0.05268334780890003,0.12546845750123556,clean held-out test set (no pre-training detector reused),,,
framingham,tabular,health,range_violation,measurement_range_violation,physical_safety,0.3,0.3,1,logreg,3180,1060,fraction,0.7205452573252544,0.02838740869595791,0.11948581744873199,clean held-out test set (no pre-training detector reused),,,
framingham,tabular,health,range_violation,measurement_range_violation,physical_safety,0.3,0.3,1,xgboost,3180,1060,fraction,0.6800862241690215,0.04373708121052433,0.1246463499853098,clean held-out test set (no pre-training detector reused),,,
framingham,tabular,health,range_violation,measurement_range_violation,physical_safety,0.4,0.4,1,logreg,3180,1060,fraction,0.7185554688093742,0.022820357448339233,0.11971897679312342,clean held-out test set (no pre-training detector reused),,,
framingham,tabular,health,range_violation,measurement_range_violation,physical_safety,0.4,0.4,1,xgboost,3180,1060,fraction,0.6764313695686719,0.045552276428086014,0.12511985404566817,clean held-out test set (no pre-training detector reused),,,
framingham,tabular,health,range_violation,measurement_range_violation,physical_safety,0.0,0.0,2,logreg,3180,1060,fraction,0.7375620945287726,0.020816453872744865,0.1151352999125213,clean held-out test set (no pre-training detector reused),0.4827586206896552,0.19432471264367807,2.0
framingham,tabular,health,range_violation,measurement_range_violation,physical_safety,0.0,0.0,2,xgboost,3180,1060,fraction,0.682138193576023,0.05411097454719844,0.12437455161531516,clean held-out test set (no pre-training detector reused),0.39655172413793105,0.41594827586206884,2.0
framingham,tabular,health,range_violation,measurement_range_violation,physical_safety,0.03,0.029874213836477988,2,logreg,3180,1060,fraction,0.7351715847145552,0.016873814665968826,0.11665127590680192,clean held-out test set (no pre-training detector reused),0.6666666666666666,0.074712643678161,2.0
framingham,tabular,health,range_violation,measurement_range_violation,physical_safety,0.03,0.029874213836477988,2,xgboost,3180,1060,fraction,0.6730736014481239,0.04694562650610746,0.12555438559544818,clean held-out test set (no pre-training detector reused),0.41379310344827586,0.4716235632183908,2.0
framingham,tabular,health,range_violation,measurement_range_violation,physical_safety,0.05,0.05,2,logreg,3180,1060,fraction,0.7339625118316417,0.012562915824025368,0.11687224884872634,clean held-out test set (no pre-training detector reused),0.65625,0.10237068965517238,2.0
framingham,tabular,health,range_violation,measurement_range_violation,physical_safety,0.05,0.05,2,xgboost,3180,1060,fraction,0.6797407747739034,0.048993004654986634,0.12407852944691827,clean held-out test set (no pre-training detector reused),0.7068965517241379,0.09518678160919536,2.0
framingham,tabular,health,range_violation,measurement_range_violation,physical_safety,0.1,0.1,2,logreg,3180,1060,fraction,0.7336585163639378,0.01681918308554074,0.11726722249847181,clean held-out test set (no pre-training detector reused),0.5833333333333333,0.17528735632183912,2.0
framingham,tabular,health,range_violation,measurement_range_violation,physical_safety,0.1,0.1,2,xgboost,3180,1060,fraction,0.6688522098397807,0.054200273152783446,0.1261649215098424,clean held-out test set (no pre-training detector reused),0.5172413793103448,0.23275862068965525,2.0
framingham,tabular,health,range_violation,measurement_range_violation,physical_safety,0.2,0.2,2,logreg,3180,1060,fraction,0.7300589336668072,0.017939549617233357,0.11743560591941891,clean held-out test set (no pre-training detector reused),0.5208333333333333,0.18606321839080464,2.0
framingham,tabular,health,range_violation,measurement_range_violation,physical_safety,0.2,0.2,2,xgboost,3180,1060,fraction,0.6795127781731254,0.038928574597779306,0.12315386095678775,clean held-out test set (no pre-training detector reused),0.6034482758620691,0.25071839080459757,2.0
framingham,tabular,health,range_violation,measurement_range_violation,physical_safety,0.3,0.3,2,logreg,3180,1060,fraction,0.7289189506629175,0.017116058171948043,0.11760737374414842,clean held-out test set (no pre-training detector reused),0.4895833333333333,0.21731321839080459,2.0
framingham,tabular,health,range_violation,measurement_range_violation,physical_safety,0.3,0.3,2,xgboost,3180,1060,fraction,0.6910853329095821,0.04523513538758534,0.1207758952944158,clean held-out test set (no pre-training detector reused),0.5689655172413792,0.13936781609195414,2.0
framingham,tabular,health,range_violation,measurement_range_violation,physical_safety,0.4,0.4,2,logreg,3180,1060,fraction,0.7304734729409489,0.018424457162972214,0.11752155332687897,clean held-out test set (no pre-training detector reused),0.5104166666666666,0.230962643678161,2.0
framingham,tabular,health,range_violation,measurement_range_violation,physical_safety,0.4,0.4,2,xgboost,3180,1060,fraction,0.6859243189465175,0.0336805018012078,0.1207836443163583,clean held-out test set (no pre-training detector reused),0.27586206896551724,0.5053879310344828,2.0
framingham,tabular,health,range_violation,measurement_range_violation,physical_safety,0.0,0.0,3,logreg,3180,1060,fraction,0.7278687845017583,0.020212109656561797,0.11504797950578392,clean held-out test set (no pre-training detector reused),,,
framingham,tabular,health,range_violation,measurement_range_violation,physical_safety,0.0,0.0,3,xgboost,3180,1060,fraction,0.6545713318455979,0.05641727432068264,0.12804909586960664,clean held-out test set (no pre-training detector reused),,,
framingham,tabular,health,range_violation,measurement_range_violation,physical_safety,0.03,0.029874213836477988,3,logreg,3180,1060,fraction,0.7158885994790624,0.011442864013897405,0.11745262583019377,clean held-out test set (no pre-training detector reused),,,
framingham,tabular,health,range_violation,measurement_range_violation,physical_safety,0.03,0.029874213836477988,3,xgboost,3180,1060,fraction,0.6577840112201965,0.05657329854252308,0.12714608225188298,clean held-out test set (no pre-training detector reused),,,
framingham,tabular,health,range_violation,measurement_range_violation,physical_safety,0.05,0.05,3,logreg,3180,1060,fraction,0.7200961731116008,0.011750266475376333,0.11728585936363731,clean held-out test set (no pre-training detector reused),,,
framingham,tabular,health,range_violation,measurement_range_violation,physical_safety,0.05,0.05,3,xgboost,3180,1060,fraction,0.6552000497447129,0.06130972653978839,0.12705164419043255,clean held-out test set (no pre-training detector reused),,,
framingham,tabular,health,range_violation,measurement_range_violation,physical_safety,0.1,0.1,3,logreg,3180,1060,fraction,0.7155293321081395,0.012498123485817143,0.11783172670605854,clean held-out test set (no pre-training detector reused),,,
framingham,tabular,health,range_violation,measurement_range_violation,physical_safety,0.1,0.1,3,xgboost,3180,1060,fraction,0.6531204443861018,0.049695602799370395,0.12672327736872172,clean held-out test set (no pre-training detector reused),,,
framingham,tabular,health,range_violation,measurement_range_violation,physical_safety,0.2,0.2,3,logreg,3180,1060,fraction,0.7170631274224638,0.011802149767083011,0.11783148527714268,clean held-out test set (no pre-training detector reused),,,
framingham,tabular,health,range_violation,measurement_range_violation,physical_safety,0.2,0.2,3,xgboost,3180,1060,fraction,0.6528371758821051,0.042830265403224405,0.12560249781470242,clean held-out test set (no pre-training detector reused),,,
framingham,tabular,health,range_violation,measurement_range_violation,physical_safety,0.3,0.3,3,logreg,3180,1060,fraction,0.7130282784874843,0.01734316556620137,0.11838498155379278,clean held-out test set (no pre-training detector reused),,,
framingham,tabular,health,range_violation,measurement_range_violation,physical_safety,0.3,0.3,3,xgboost,3180,1060,fraction,0.6723343397425712,0.041873454494964116,0.1234394213225466,clean held-out test set (no pre-training detector reused),,,
framingham,tabular,health,range_violation,measurement_range_violation,physical_safety,0.4,0.4,3,logreg,3180,1060,fraction,0.7126206482012449,0.015455693029846219,0.11837224166767157,clean held-out test set (no pre-training detector reused),,,
framingham,tabular,health,range_violation,measurement_range_violation,physical_safety,0.4,0.4,3,xgboost,3180,1060,fraction,0.6465016339756389,0.05282277084276396,0.12807851404477028,clean held-out test set (no pre-training detector reused),,,
framingham,tabular,health,range_violation,measurement_range_violation,physical_safety,0.0,0.0,4,logreg,3180,1060,fraction,0.7300520246789048,0.019653313410975454,0.1161398634354795,clean held-out test set (no pre-training detector reused),0.7407407407407407,0.0,1.0
framingham,tabular,health,range_violation,measurement_range_violation,physical_safety,0.0,0.0,4,xgboost,3180,1060,fraction,0.6732186901940733,0.04744273725774068,0.12712097327830071,clean held-out test set (no pre-training detector reused),0.5277777777777778,0.0,1.0
framingham,tabular,health,range_violation,measurement_range_violation,physical_safety,0.03,0.029874213836477988,4,logreg,3180,1060,fraction,0.7253677308811032,0.015089481069445724,0.11758173648271786,clean held-out test set (no pre-training detector reused),0.7962962962962962,0.0,1.0
framingham,tabular,health,range_violation,measurement_range_violation,physical_safety,0.03,0.029874213836477988,4,xgboost,3180,1060,fraction,0.657721830329075,0.04935337594251219,0.12791000932450378,clean held-out test set (no pre-training detector reused),0.4629629629629629,0.0,1.0
framingham,tabular,health,range_violation,measurement_range_violation,physical_safety,0.05,0.05,4,logreg,3180,1060,fraction,0.7264040790664575,0.018867045088311434,0.11772351345225678,clean held-out test set (no pre-training detector reused),0.787037037037037,0.0,1.0
framingham,tabular,health,range_violation,measurement_range_violation,physical_safety,0.05,0.05,4,xgboost,3180,1060,fraction,0.6584403650709207,0.05417337163575522,0.12735886233996385,clean held-out test set (no pre-training detector reused),0.4444444444444445,0.0,1.0
framingham,tabular,health,range_violation,measurement_range_violation,physical_safety,0.1,0.1,4,logreg,3180,1060,fraction,0.7258513600342685,0.01223145656274209,0.11761071305732076,clean held-out test set (no pre-training detector reused),0.7962962962962963,0.0,1.0
framingham,tabular,health,range_violation,measurement_range_violation,physical_safety,0.1,0.1,4,xgboost,3180,1060,fraction,0.6772397211532482,0.04367373417557728,0.12483552540954083,clean held-out test set (no pre-training detector reused),0.6111111111111112,0.0,1.0
framingham,tabular,health,range_violation,measurement_range_violation,physical_safety,0.2,0.2,4,logreg,3180,1060,fraction,0.722327776204064,0.01299700126277443,0.11802264502864632,clean held-out test set (no pre-training detector reused),0.7962962962962963,0.0,1.0
framingham,tabular,health,range_violation,measurement_range_violation,physical_safety,0.2,0.2,4,xgboost,3180,1060,fraction,0.6785247929030878,0.045897548576105236,0.12363467604031274,clean held-out test set (no pre-training detector reused),0.4166666666666667,0.0,1.0
framingham,tabular,health,range_violation,measurement_range_violation,physical_safety,0.3,0.3,4,logreg,3180,1060,fraction,0.7229495851152765,0.01179588686745567,0.11793992959874981,clean held-out test set (no pre-training detector reused),0.7962962962962963,0.0,1.0
framingham,tabular,health,range_violation,measurement_range_violation,physical_safety,0.3,0.3,4,xgboost,3180,1060,fraction,0.6915965980143568,0.03716997556511384,0.12429343211747429,clean held-out test set (no pre-training detector reused),0.5370370370370371,0.0,1.0
framingham,tabular,health,range_violation,measurement_range_violation,physical_safety,0.4,0.4,4,logreg,3180,1060,fraction,0.7224314110225992,0.014891397687564005,0.1180834820916274,clean held-out test set (no pre-training detector reused),0.7777777777777777,0.0,1.0
framingham,tabular,health,range_violation,measurement_range_violation,physical_safety,0.4,0.4,4,xgboost,3180,1060,fraction,0.6909540621394372,0.033387866495660376,0.12348305266257335,clean held-out test set (no pre-training detector reused),0.5925925925925926,0.0,1.0
framingham,tabular,health,subgroup_dropout,representation_imbalance,content_safety,0.0,0.0,0,logreg,3180,1060,fraction,0.6929991225585364,0.02951322415870826,0.12030853289989708,clean held-out test set (no pre-training detector reused),0.52,0.0,1.0
framingham,tabular,health,subgroup_dropout,representation_imbalance,content_safety,0.0,0.0,0,xgboost,3180,1060,fraction,0.646294364338568,0.055560903584821825,0.12848515750293016,clean held-out test set (no pre-training detector reused),0.352,0.0,1.0
framingham,tabular,health,subgroup_dropout,representation_imbalance,content_safety,0.03,0.024390243902439025,0,logreg,3180,1060,fraction,0.6930198495222434,0.029895521292577533,0.12030451646178142,clean held-out test set (no pre-training detector reused),0.52,0.0,1.0
framingham,tabular,health,subgroup_dropout,representation_imbalance,content_safety,0.03,0.024390243902439025,0,xgboost,3180,1060,fraction,0.6506401177291539,0.05771487712649241,0.12870062026494297,clean held-out test set (no pre-training detector reused),0.424,0.0,1.0
framingham,tabular,health,subgroup_dropout,representation_imbalance,content_safety,0.05,0.04878048780487805,0,logreg,3180,1060,fraction,0.6926191282239065,0.029919348405026115,0.120323358812204,clean held-out test set (no pre-training detector reused),0.528,0.0,1.0
framingham,tabular,health,subgroup_dropout,representation_imbalance,content_safety,0.05,0.04878048780487805,0,xgboost,3180,1060,fraction,0.649610678531702,0.059003589273966366,0.12828219968833396,clean held-out test set (no pre-training detector reused),0.36,0.0,1.0
framingham,tabular,health,subgroup_dropout,representation_imbalance,content_safety,0.1,0.0975609756097561,0,logreg,3180,1060,fraction,0.6926882181029301,0.02908149875890769,0.12030039405673876,clean held-out test set (no pre-training detector reused),0.512,0.0,1.0
framingham,tabular,health,subgroup_dropout,representation_imbalance,content_safety,0.1,0.0975609756097561,0,xgboost,3180,1060,fraction,0.634714900614209,0.06630308598978445,0.129363641377336,clean held-out test set (no pre-training detector reused),0.28,0.0,1.0
framingham,tabular,health,subgroup_dropout,representation_imbalance,content_safety,0.2,0.1951219512195122,0,logreg,3180,1060,fraction,0.693088939401267,0.03073772677784105,0.12029961793469825,clean held-out test set (no pre-training detector reused),0.528,0.0,1.0
framingham,tabular,health,subgroup_dropout,representation_imbalance,content_safety,0.2,0.1951219512195122,0,xgboost,3180,1060,fraction,0.6338029142110972,0.06529056292317176,0.1299410966254332,clean held-out test set (no pre-training detector reused),0.32,0.0,1.0
framingham,tabular,health,subgroup_dropout,representation_imbalance,content_safety,0.3,0.2926829268292683,0,logreg,3180,1060,fraction,0.6933031180262403,0.0300641931297308,0.12037103703508598,clean held-out test set (no pre-training detector reused),0.536,0.0,1.0
framingham,tabular,health,subgroup_dropout,representation_imbalance,content_safety,0.3,0.2926829268292683,0,xgboost,3180,1060,fraction,0.6376374024969083,0.06441302159823091,0.12966756601262863,clean held-out test set (no pre-training detector reused),0.312,0.0,1.0
framingham,tabular,health,subgroup_dropout,representation_imbalance,content_safety,0.4,0.3902439024390244,0,logreg,3180,1060,fraction,0.6927573079819537,0.029536673193525546,0.12032601561351741,clean held-out test set (no pre-training detector reused),0.52,0.0,1.0
framingham,tabular,health,subgroup_dropout,representation_imbalance,content_safety,0.4,0.3902439024390244,0,xgboost,3180,1060,fraction,0.6395719191095696,0.06564469981349935,0.1294581083345218,clean held-out test set (no pre-training detector reused),0.27999999999999997,0.0,1.0
framingham,tabular,health,subgroup_dropout,representation_imbalance,content_safety,0.0,0.0,1,logreg,3180,1060,fraction,0.7329607085857992,0.02868305414930547,0.1165800121486672,clean held-out test set (no pre-training detector reused),,,
framingham,tabular,health,subgroup_dropout,representation_imbalance,content_safety,0.0,0.0,1,xgboost,3180,1060,fraction,0.6681544020616419,0.05832100647703726,0.12818252147335213,clean held-out test set (no pre-training detector reused),,,
framingham,tabular,health,subgroup_dropout,representation_imbalance,content_safety,0.03,0.025,1,logreg,3180,1060,fraction,0.7329399816220922,0.025292502999430803,0.11656253635140824,clean held-out test set (no pre-training detector reused),,,
framingham,tabular,health,subgroup_dropout,representation_imbalance,content_safety,0.03,0.025,1,xgboost,3180,1060,fraction,0.6513517434830972,0.08805937149720089,0.13112223129713874,clean held-out test set (no pre-training detector reused),,,
framingham,tabular,health,subgroup_dropout,representation_imbalance,content_safety,0.05,0.05,1,logreg,3180,1060,fraction,0.7329883445374087,0.02808916204533185,0.11656717848696352,clean held-out test set (no pre-training detector reused),,,
framingham,tabular,health,subgroup_dropout,representation_imbalance,content_safety,0.05,0.05,1,xgboost,3180,1060,fraction,0.654191337510968,0.06093134278154774,0.12870927535057117,clean held-out test set (no pre-training detector reused),,,
framingham,tabular,health,subgroup_dropout,representation_imbalance,content_safety,0.1,0.1,1,logreg,3180,1060,fraction,0.7333821568478434,0.021965774498287072,0.11655298803516194,clean held-out test set (no pre-training detector reused),,,
framingham,tabular,health,subgroup_dropout,representation_imbalance,content_safety,0.1,0.1,1,xgboost,3180,1060,fraction,0.6573418359944452,0.06671065959534696,0.12894244124662904,clean held-out test set (no pre-training detector reused),,,
framingham,tabular,health,subgroup_dropout,representation_imbalance,content_safety,0.2,0.2,1,logreg,3180,1060,fraction,0.7326567131180952,0.02930248578968352,0.11663796467112786,clean held-out test set (no pre-training detector reused),,,
framingham,tabular,health,subgroup_dropout,representation_imbalance,content_safety,0.2,0.2,1,xgboost,3180,1060,fraction,0.6626755746550688,0.06423996233442834,0.1287761543910818,clean held-out test set (no pre-training detector reused),,,
framingham,tabular,health,subgroup_dropout,representation_imbalance,content_safety,0.3,0.3,1,logreg,3180,1060,fraction,0.7326705310939,0.02623055928494238,0.11658274382424665,clean held-out test set (no pre-training detector reused),,,
framingham,tabular,health,subgroup_dropout,representation_imbalance,content_safety,0.3,0.3,1,xgboost,3180,1060,fraction,0.6558564035954374,0.06559065495582544,0.12994858536967893,clean held-out test set (no pre-training detector reused),,,
framingham,tabular,health,subgroup_dropout,representation_imbalance,content_safety,0.4,0.4,1,logreg,3180,1060,fraction,0.7327050760334118,0.030668371427121616,0.11662336335312398,clean held-out test set (no pre-training detector reused),,,
framingham,tabular,health,subgroup_dropout,representation_imbalance,content_safety,0.4,0.4,1,xgboost,3180,1060,fraction,0.6628275723889208,0.05875323126378101,0.12885157271518327,clean held-out test set (no pre-training detector reused),,,
framingham,tabular,health,subgroup_dropout,representation_imbalance,content_safety,0.0,0.0,2,logreg,3180,1060,fraction,0.7375620945287726,0.020816453872744865,0.1151352999125213,clean held-out test set (no pre-training detector reused),0.4827586206896552,0.19432471264367807,2.0
framingham,tabular,health,subgroup_dropout,representation_imbalance,content_safety,0.0,0.0,2,xgboost,3180,1060,fraction,0.682138193576023,0.05411097454719844,0.12437455161531516,clean held-out test set (no pre-training detector reused),0.39655172413793105,0.41594827586206884,2.0
framingham,tabular,health,subgroup_dropout,representation_imbalance,content_safety,0.03,0.025,2,logreg,3180,1060,fraction,0.7376242754198936,0.01986872108826899,0.11513231340563804,clean held-out test set (no pre-training detector reused),0.4827586206896552,0.19432471264367807,2.0
framingham,tabular,health,subgroup_dropout,representation_imbalance,content_safety,0.03,0.025,2,xgboost,3180,1060,fraction,0.6780411637499223,0.05164414155648424,0.122912506823179,clean held-out test set (no pre-training detector reused),0.4482758620689655,0.38505747126436773,2.0
framingham,tabular,health,subgroup_dropout,representation_imbalance,content_safety,0.05,0.05,2,logreg,3180,1060,fraction,0.7375068226255537,0.018374285595143994,0.1151433440706094,clean held-out test set (no pre-training detector reused),0.4827586206896552,0.21515804597701144,2.0
framingham,tabular,health,subgroup_dropout,representation_imbalance,content_safety,0.05,0.05,2,xgboost,3180,1060,fraction,0.6857792302005679,0.04749504070012954,0.12242787762504738,clean held-out test set (no pre-training detector reused),0.5,0.3125,2.0
framingham,tabular,health,subgroup_dropout,representation_imbalance,content_safety,0.1,0.1,2,logreg,3180,1060,fraction,0.7375759125045771,0.018717622012718885,0.11508876222330744,clean held-out test set (no pre-training detector reused),0.4827586206896552,0.18390804597701144,2.0
framingham,tabular,health,subgroup_dropout,representation_imbalance,content_safety,0.1,0.1,2,xgboost,3180,1060,fraction,0.6840727101886844,0.04576971074324628,0.12279353869531172,clean held-out test set (no pre-training detector reused),0.5689655172413793,0.08728448275862066,2.0
framingham,tabular,health,subgroup_dropout,representation_imbalance,content_safety,0.2,0.2,2,logreg,3180,1060,fraction,0.7377900911295505,0.019972641263889396,0.11517645104191909,clean held-out test set (no pre-training detector reused),0.4827586206896552,0.2047413793103447,2.0
framingham,tabular,health,subgroup_dropout,representation_imbalance,content_safety,0.2,0.2,2,xgboost,3180,1060,fraction,0.6680853121826182,0.057531329391541756,0.12400372604204594,clean held-out test set (no pre-training detector reused),0.31034482758620685,0.4188218390804598,2.0
framingham,tabular,health,subgroup_dropout,representation_imbalance,content_safety,0.3,0.3,2,logreg,3180,1060,fraction,0.7366915620530748,0.01994159364625634,0.1152763042217805,clean held-out test set (no pre-training detector reused),0.4827586206896552,0.21515804597701144,2.0
framingham,tabular,health,subgroup_dropout,representation_imbalance,content_safety,0.3,0.3,2,xgboost,3180,1060,fraction,0.6830570889670372,0.05324541875227127,0.12412817016759549,clean held-out test set (no pre-training detector reused),0.4482758620689655,0.3329741379310345,2.0
framingham,tabular,health,subgroup_dropout,representation_imbalance,content_safety,0.4,0.4,2,logreg,3180,1060,fraction,0.7386053517020291,0.01874466490745469,0.11504568846820619,clean held-out test set (no pre-training detector reused),0.5,0.1875,2.0
framingham,tabular,health,subgroup_dropout,representation_imbalance,content_safety,0.4,0.4,2,xgboost,3180,1060,fraction,0.6883735551579049,0.043550013176622396,0.12320259782817426,clean held-out test set (no pre-training detector reused),0.27586206896551724,0.5053879310344828,2.0
framingham,tabular,health,subgroup_dropout,representation_imbalance,content_safety,0.0,0.0,3,logreg,3180,1060,fraction,0.7278687845017583,0.020212109656561797,0.11504797950578392,clean held-out test set (no pre-training detector reused),,,
framingham,tabular,health,subgroup_dropout,representation_imbalance,content_safety,0.0,0.0,3,xgboost,3180,1060,fraction,0.6545713318455979,0.05641727432068264,0.12804909586960664,clean held-out test set (no pre-training detector reused),,,
framingham,tabular,health,subgroup_dropout,representation_imbalance,content_safety,0.03,0.024390243902439025,3,logreg,3180,1060,fraction,0.7280415091993174,0.020209173100040882,0.11503704233225519,clean held-out test set (no pre-training detector reused),,,
framingham,tabular,health,subgroup_dropout,representation_imbalance,content_safety,0.03,0.024390243902439025,3,xgboost,3180,1060,fraction,0.6625166679333144,0.045436576264690755,0.12704123645613363,clean held-out test set (no pre-training detector reused),,,
framingham,tabular,health,subgroup_dropout,representation_imbalance,content_safety,0.05,0.04878048780487805,3,logreg,3180,1060,fraction,0.7280760541388293,0.02107730758373319,0.1150441209286727,clean held-out test set (no pre-training detector reused),,,
framingham,tabular,health,subgroup_dropout,representation_imbalance,content_safety,0.05,0.04878048780487805,3,xgboost,3180,1060,fraction,0.6587443605386247,0.052865870402497676,0.1263140392299704,clean held-out test set (no pre-training detector reused),,,
framingham,tabular,health,subgroup_dropout,representation_imbalance,content_safety,0.1,0.0975609756097561,3,logreg,3180,1060,fraction,0.7276822418283946,0.019232194063333284,0.11505291909094251,clean held-out test set (no pre-training detector reused),,,
framingham,tabular,health,subgroup_dropout,representation_imbalance,content_safety,0.1,0.0975609756097561,3,xgboost,3180,1060,fraction,0.6535557106239507,0.05556029493839234,0.1270069683783998,clean held-out test set (no pre-training detector reused),,,
framingham,tabular,health,subgroup_dropout,representation_imbalance,content_safety,0.2,0.1951219512195122,3,logreg,3180,1060,fraction,0.7280000552719033,0.021654736726768133,0.11504312742146565,clean held-out test set (no pre-training detector reused),,,
framingham,tabular,health,subgroup_dropout,representation_imbalance,content_safety,0.2,0.1951219512195122,3,xgboost,3180,1060,fraction,0.6626410297155569,0.05412798363139924,0.12750626375165552,clean held-out test set (no pre-training detector reused),,,
framingham,tabular,health,subgroup_dropout,representation_imbalance,content_safety,0.3,0.2926829268292683,3,logreg,3180,1060,fraction,0.727426609276007,0.02009277480607491,0.11514260504242851,clean held-out test set (no pre-training detector reused),,,
framingham,tabular,health,subgroup_dropout,representation_imbalance,content_safety,0.3,0.2926829268292683,3,xgboost,3180,1060,fraction,0.6623853971631696,0.05526925525122831,0.12850355603965122,clean held-out test set (no pre-training detector reused),,,
framingham,tabular,health,subgroup_dropout,representation_imbalance,content_safety,0.4,0.3902439024390244,3,logreg,3180,1060,fraction,0.7281865979452671,0.02253694426281433,0.11505111233502502,clean held-out test set (no pre-training detector reused),,,
framingham,tabular,health,subgroup_dropout,representation_imbalance,content_safety,0.4,0.3902439024390244,3,xgboost,3180,1060,fraction,0.6705172759242499,0.04871774157223661,0.12589094185043878,clean held-out test set (no pre-training detector reused),,,
framingham,tabular,health,subgroup_dropout,representation_imbalance,content_safety,0.0,0.0,4,logreg,3180,1060,fraction,0.7300520246789048,0.019653313410975454,0.1161398634354795,clean held-out test set (no pre-training detector reused),0.7407407407407407,0.0,1.0
framingham,tabular,health,subgroup_dropout,representation_imbalance,content_safety,0.0,0.0,4,xgboost,3180,1060,fraction,0.6732186901940733,0.04744273725774068,0.12712097327830071,clean held-out test set (no pre-training detector reused),0.5277777777777778,0.0,1.0
framingham,tabular,health,subgroup_dropout,representation_imbalance,content_safety,0.03,0.023809523809523808,4,logreg,3180,1060,fraction,0.7300658426547096,0.020044847397381556,0.11614119361799068,clean held-out test set (no pre-training detector reused),0.7407407407407407,0.0,1.0
framingham,tabular,health,subgroup_dropout,representation_imbalance,content_safety,0.03,0.023809523809523808,4,xgboost,3180,1060,fraction,0.6714223533394593,0.04928341633135031,0.1266363046480807,clean held-out test set (no pre-training detector reused),0.5833333333333334,0.0,1.0
framingham,tabular,health,subgroup_dropout,representation_imbalance,content_safety,0.05,0.047619047619047616,4,logreg,3180,1060,fraction,0.7303629291345112,0.02066479369256636,0.11612843230291661,clean held-out test set (no pre-training detector reused),0.7407407407407407,0.0,1.0
framingham,tabular,health,subgroup_dropout,representation_imbalance,content_safety,0.05,0.047619047619047616,4,xgboost,3180,1060,fraction,0.6753812034075128,0.04358425128475745,0.1264695239876664,clean held-out test set (no pre-training detector reused),0.5462962962962963,0.0,1.0
framingham,tabular,health,subgroup_dropout,representation_imbalance,content_safety,0.1,0.09523809523809523,4,logreg,3180,1060,fraction,0.7296305764168607,0.021831851510987658,0.1161403569067012,clean held-out test set (no pre-training detector reused),0.7407407407407407,0.0,1.0
framingham,tabular,health,subgroup_dropout,representation_imbalance,content_safety,0.1,0.09523809523809523,4,xgboost,3180,1060,fraction,0.6724587015248136,0.050812006374944076,0.12600091302871524,clean held-out test set (no pre-training detector reused),0.6574074074074074,0.0,1.0
framingham,tabular,health,subgroup_dropout,representation_imbalance,content_safety,0.2,0.19047619047619047,4,logreg,3180,1060,fraction,0.7296513033805678,0.019351311110558662,0.11619946424158617,clean held-out test set (no pre-training detector reused),0.712962962962963,0.0,1.0
framingham,tabular,health,subgroup_dropout,representation_imbalance,content_safety,0.2,0.19047619047619047,4,xgboost,3180,1060,fraction,0.6657569832595223,0.05129632911565801,0.1268014430147458,clean held-out test set (no pre-training detector reused),0.40740740740740744,0.0,1.0
framingham,tabular,health,subgroup_dropout,representation_imbalance,content_safety,0.3,0.30952380952380953,4,logreg,3180,1060,fraction,0.729810210102322,0.020591792399288114,0.1161661892108085,clean held-out test set (no pre-training detector reused),0.7407407407407407,0.0,1.0
framingham,tabular,health,subgroup_dropout,representation_imbalance,content_safety,0.3,0.30952380952380953,4,xgboost,3180,1060,fraction,0.6752430236494656,0.045974430761449386,0.12695004395197243,clean held-out test set (no pre-training detector reused),0.5462962962962963,0.0,1.0
framingham,tabular,health,subgroup_dropout,representation_imbalance,content_safety,0.4,0.40476190476190477,4,logreg,3180,1060,fraction,0.7298931179571504,0.021903212119276764,0.11627397877245399,clean held-out test set (no pre-training detector reused),0.7407407407407407,0.0,1.0
framingham,tabular,health,subgroup_dropout,representation_imbalance,content_safety,0.4,0.40476190476190477,4,xgboost,3180,1060,fraction,0.681357477943056,0.044482290793763805,0.12531407745153764,clean held-out test set (no pre-training detector reused),0.5925925925925926,0.0,1.0
framingham,tabular,health,edge_case_dropout,safety_critical_edge_case_coverage,physical_safety,0.0,0.0,0,logreg,3180,1060,fraction,0.6929991225585364,0.02951322415870826,0.12030853289989708,clean held-out test set (no pre-training detector reused),0.52,0.0,1.0
framingham,tabular,health,edge_case_dropout,safety_critical_edge_case_coverage,physical_safety,0.0,0.0,0,xgboost,3180,1060,fraction,0.646294364338568,0.055560903584821825,0.12848515750293016,clean held-out test set (no pre-training detector reused),0.352,0.0,1.0
framingham,tabular,health,edge_case_dropout,safety_critical_edge_case_coverage,physical_safety,0.03,0.030656934306569343,0,logreg,3180,1060,fraction,0.6933722079052639,0.02823204877656288,0.12045173746993859,clean held-out test set (no pre-training detector reused),0.544,0.0,1.0
framingham,tabular,health,edge_case_dropout,safety_critical_edge_case_coverage,physical_safety,0.03,0.030656934306569343,0,xgboost,3180,1060,fraction,0.6354057994044452,0.06661469659983303,0.12994447823277222,clean held-out test set (no pre-training detector reused),0.304,0.0,1.0
framingham,tabular,health,edge_case_dropout,safety_critical_edge_case_coverage,physical_safety,0.05,0.049635036496350364,0,logreg,3180,1060,fraction,0.6931649382681931,0.028568971075577293,0.12027189355251504,clean held-out test set (no pre-training detector reused),0.512,0.0,1.0
framingham,tabular,health,edge_case_dropout,safety_critical_edge_case_coverage,physical_safety,0.05,0.049635036496350364,0,xgboost,3180,1060,fraction,0.639060654004795,0.06955564536729758,0.12836871054593668,clean held-out test set (no pre-training detector reused),0.376,0.0,1.0
framingham,tabular,health,edge_case_dropout,safety_critical_edge_case_coverage,physical_safety,0.1,0.09927007299270073,0,logreg,3180,1060,fraction,0.6921078631191317,0.02593998017955256,0.1203198218128499,clean held-out test set (no pre-training detector reused),0.528,0.0,1.0
framingham,tabular,health,edge_case_dropout,safety_critical_edge_case_coverage,physical_safety,0.1,0.09927007299270073,0,xgboost,3180,1060,fraction,0.6388602933556262,0.06493193308937029,0.12883076665490126,clean held-out test set (no pre-training detector reused),0.30400000000000005,0.0,1.0
framingham,tabular,health,edge_case_dropout,safety_critical_edge_case_coverage,physical_safety,0.2,0.2,0,logreg,3180,1060,fraction,0.6924118585868356,0.028083838243294235,0.12095618405083937,clean held-out test set (no pre-training detector reused),0.552,0.0,1.0
framingham,tabular,health,edge_case_dropout,safety_critical_edge_case_coverage,physical_safety,0.2,0.2,0,xgboost,3180,1060,fraction,0.6486434202253711,0.06028536463635181,0.13100482201560343,clean held-out test set (no pre-training detector reused),0.34400000000000003,0.0,1.0
framingham,tabular,health,edge_case_dropout,safety_critical_edge_case_coverage,physical_safety,0.3,0.3007299270072993,0,logreg,3180,1060,fraction,0.6923082237683003,0.028168066418438557,0.12078830607366181,clean held-out test set (no pre-training detector reused),0.528,0.0,1.0
framingham,tabular,health,edge_case_dropout,safety_critical_edge_case_coverage,physical_safety,0.3,0.3007299270072993,0,xgboost,3180,1060,fraction,0.6446707521815129,0.06606432610116725,0.12895204062431695,clean held-out test set (no pre-training detector reused),0.384,0.0,1.0
framingham,tabular,health,edge_case_dropout,safety_critical_edge_case_coverage,physical_safety,0.4,0.4,0,logreg,3180,1060,fraction,0.6932271191593143,0.033762271939898586,0.12137372990718116,clean held-out test set (no pre-training detector reused),0.472,0.0,1.0
framingham,tabular,health,edge_case_dropout,safety_critical_edge_case_coverage,physical_safety,0.4,0.4,0,xgboost,3180,1060,fraction,0.6583574572160924,0.05328001131650658,0.1279086910956661,clean held-out test set (no pre-training detector reused),0.312,0.0,1.0
framingham,tabular,health,edge_case_dropout,safety_critical_edge_case_coverage,physical_safety,0.0,0.0,1,logreg,3180,1060,fraction,0.7329607085857992,0.02868305414930547,0.1165800121486672,clean held-out test set (no pre-training detector reused),,,
framingham,tabular,health,edge_case_dropout,safety_critical_edge_case_coverage,physical_safety,0.0,0.0,1,xgboost,3180,1060,fraction,0.6681544020616419,0.05832100647703726,0.12818252147335213,clean held-out test set (no pre-training detector reused),,,
framingham,tabular,health,edge_case_dropout,safety_critical_edge_case_coverage,physical_safety,0.03,0.030390738060781478,1,logreg,3180,1060,fraction,0.7328294378156545,0.02571769712202434,0.1165442156874502,clean held-out test set (no pre-training detector reused),,,
framingham,tabular,health,edge_case_dropout,safety_critical_edge_case_coverage,physical_safety,0.03,0.030390738060781478,1,xgboost,3180,1060,fraction,0.6544676970270626,0.06831013082069748,0.13033667584944936,clean held-out test set (no pre-training detector reused),,,
framingham,tabular,health,edge_case_dropout,safety_critical_edge_case_coverage,physical_safety,0.05,0.05065123010130246,1,logreg,3180,1060,fraction,0.7324287165173173,0.01774362436320473,0.11656903089021813,clean held-out test set (no pre-training detector reused),,,
framingham,tabular,health,edge_case_dropout,safety_critical_edge_case_coverage,physical_safety,0.05,0.05065123010130246,1,xgboost,3180,1060,fraction,0.6636428329613994,0.058639343350220766,0.1287871478959864,clean held-out test set (no pre-training detector reused),,,
framingham,tabular,health,edge_case_dropout,safety_critical_edge_case_coverage,physical_safety,0.1,0.09985528219971057,1,logreg,3180,1060,fraction,0.7333476119083315,0.030831182962489576,0.11731345752506364,clean held-out test set (no pre-training detector reused),,,
framingham,tabular,health,edge_case_dropout,safety_critical_edge_case_coverage,physical_safety,0.1,0.09985528219971057,1,xgboost,3180,1060,fraction,0.6549305992165207,0.06535676199424449,0.1304590037875111,clean held-out test set (no pre-training detector reused),,,
framingham,tabular,health,edge_case_dropout,safety_critical_edge_case_coverage,physical_safety,0.2,0.19971056439942114,1,logreg,3180,1060,fraction,0.731945087364152,0.02111543706261088,0.1171307499798784,clean held-out test set (no pre-training detector reused),,,
framingham,tabular,health,edge_case_dropout,safety_critical_edge_case_coverage,physical_safety,0.2,0.19971056439942114,1,xgboost,3180,1060,fraction,0.6493619549672168,0.07162674868189431,0.13205577239179703,clean held-out test set (no pre-training detector reused),,,
framingham,tabular,health,edge_case_dropout,safety_critical_edge_case_coverage,physical_safety,0.3,0.2995658465991317,1,logreg,3180,1060,fraction,0.7303145662191945,0.033842217499057005,0.1173247711493886,clean held-out test set (no pre-training detector reused),,,
framingham,tabular,health,edge_case_dropout,safety_critical_edge_case_coverage,physical_safety,0.3,0.2995658465991317,1,xgboost,3180,1060,fraction,0.6643268227637334,0.06281864612905817,0.12994942594691228,clean held-out test set (no pre-training detector reused),,,
framingham,tabular,health,edge_case_dropout,safety_critical_edge_case_coverage,physical_safety,0.4,0.3994211287988423,1,logreg,3180,1060,fraction,0.7294094888039852,0.013206528925901349,0.11674772057518938,clean held-out test set (no pre-training detector reused),,,
framingham,tabular,health,edge_case_dropout,safety_critical_edge_case_coverage,physical_safety,0.4,0.3994211287988423,1,xgboost,3180,1060,fraction,0.6477314338222594,0.06947215363352542,0.13127088526107203,clean held-out test set (no pre-training detector reused),,,
framingham,tabular,health,edge_case_dropout,safety_critical_edge_case_coverage,physical_safety,0.0,0.0,2,logreg,3180,1060,fraction,0.7375620945287726,0.020816453872744865,0.1151352999125213,clean held-out test set (no pre-training detector reused),0.4827586206896552,0.19432471264367807,2.0
framingham,tabular,health,edge_case_dropout,safety_critical_edge_case_coverage,physical_safety,0.0,0.0,2,xgboost,3180,1060,fraction,0.682138193576023,0.05411097454719844,0.12437455161531516,clean held-out test set (no pre-training detector reused),0.39655172413793105,0.41594827586206884,2.0
framingham,tabular,health,edge_case_dropout,safety_critical_edge_case_coverage,physical_safety,0.03,0.030303030303030304,2,logreg,3180,1060,fraction,0.7375413675650654,0.02269329582428746,0.1151899004068661,clean held-out test set (no pre-training detector reused),0.46551724137931033,0.2323994252873563,2.0
framingham,tabular,health,edge_case_dropout,safety_critical_edge_case_coverage,physical_safety,0.03,0.030303030303030304,2,xgboost,3180,1060,fraction,0.6876515659221081,0.04687351848411744,0.12209543321908145,clean held-out test set (no pre-training detector reused),0.6379310344827586,0.27873563218390807,2.0
framingham,tabular,health,edge_case_dropout,safety_critical_edge_case_coverage,physical_safety,0.05,0.050505050505050504,2,logreg,3180,1060,fraction,0.7379489978513046,0.016335522729014073,0.11529236342768726,clean held-out test set (no pre-training detector reused),0.48275862068965514,0.19432471264367823,2.0
framingham,tabular,health,edge_case_dropout,safety_critical_edge_case_coverage,physical_safety,0.05,0.050505050505050504,2,xgboost,3180,1060,fraction,0.6777026233427066,0.05593624704073728,0.12391115396672742,clean held-out test set (no pre-training detector reused),0.4655172413793104,0.26364942528735624,2.0
framingham,tabular,health,edge_case_dropout,safety_critical_edge_case_coverage,physical_safety,0.1,0.09956709956709957,2,logreg,3180,1060,fraction,0.732995253525311,0.018337882191698476,0.11573128945626965,clean held-out test set (no pre-training detector reused),0.4827586206896552,0.21515804597701144,2.0
framingham,tabular,health,edge_case_dropout,safety_critical_edge_case_coverage,physical_safety,0.1,0.09956709956709957,2,xgboost,3180,1060,fraction,0.6787251535522562,0.04836374418436603,0.12270107050583294,clean held-out test set (no pre-training detector reused),0.3793103448275862,0.3394396551724138,2.0
framingham,tabular,health,edge_case_dropout,safety_critical_edge_case_coverage,physical_safety,0.2,0.20057720057720058,2,logreg,3180,1060,fraction,0.7370301024602905,0.01821250431447785,0.11496210265954751,clean held-out test set (no pre-training detector reused),0.4655172413793104,0.20114942528735624,2.0
framingham,tabular,health,edge_case_dropout,safety_critical_edge_case_coverage,physical_safety,0.2,0.20057720057720058,2,xgboost,3180,1060,fraction,0.6819585598905616,0.04967782502370131,0.12457482371032667,clean held-out test set (no pre-training detector reused),0.5172413793103449,0.3160919540229884,2.0
framingham,tabular,health,edge_case_dropout,safety_critical_edge_case_coverage,physical_safety,0.3,0.30014430014430016,2,logreg,3180,1060,fraction,0.7368435597869268,0.019271959908313843,0.1155397896090072,clean held-out test set (no pre-training detector reused),0.5,0.19791666666666663,2.0
framingham,tabular,health,edge_case_dropout,safety_critical_edge_case_coverage,physical_safety,0.3,0.30014430014430016,2,xgboost,3180,1060,fraction,0.66624752140059,0.06549953231126739,0.1271586043276176,clean held-out test set (no pre-training detector reused),0.6896551724137931,0.17492816091954022,2.0
framingham,tabular,health,edge_case_dropout,safety_critical_edge_case_coverage,physical_safety,0.4,0.3997113997113997,2,logreg,3180,1060,fraction,0.7403602346292293,0.017393255150718972,0.11490640346685015,clean held-out test set (no pre-training detector reused),0.5517241379310345,0.11494252873563215,2.0
framingham,tabular,health,edge_case_dropout,safety_critical_edge_case_coverage,physical_safety,0.4,0.3997113997113997,2,xgboost,3180,1060,fraction,0.6679954953398876,0.05129130467891095,0.12438772336654529,clean held-out test set (no pre-training detector reused),0.43103448275862066,0.28771551724137934,2.0
framingham,tabular,health,edge_case_dropout,safety_critical_edge_case_coverage,physical_safety,0.0,0.0,3,logreg,3180,1060,fraction,0.7278687845017583,0.020212109656561797,0.11504797950578392,clean held-out test set (no pre-training detector reused),,,
framingham,tabular,health,edge_case_dropout,safety_critical_edge_case_coverage,physical_safety,0.0,0.0,3,xgboost,3180,1060,fraction,0.6545713318455979,0.05641727432068264,0.12804909586960664,clean held-out test set (no pre-training detector reused),,,
framingham,tabular,health,edge_case_dropout,safety_critical_edge_case_coverage,physical_safety,0.03,0.030303030303030304,3,logreg,3180,1060,fraction,0.7283731406186307,0.019910448013549808,0.11514511826889023,clean held-out test set (no pre-training detector reused),,,
framingham,tabular,health,edge_case_dropout,safety_critical_edge_case_coverage,physical_safety,0.03,0.030303030303030304,3,xgboost,3180,1060,fraction,0.6678711335576452,0.04283757216521135,0.12554496138586435,clean held-out test set (no pre-training detector reused),,,
framingham,tabular,health,edge_case_dropout,safety_critical_edge_case_coverage,physical_safety,0.05,0.050505050505050504,3,logreg,3180,1060,fraction,0.7299138449208575,0.020769170949788213,0.11489642749365352,clean held-out test set (no pre-training detector reused),,,
framingham,tabular,health,edge_case_dropout,safety_critical_edge_case_coverage,physical_safety,0.05,0.050505050505050504,3,xgboost,3180,1060,fraction,0.665218082203138,0.048703770579348486,0.12709652450901088,clean held-out test set (no pre-training detector reused),,,
framingham,tabular,health,edge_case_dropout,safety_critical_edge_case_coverage,physical_safety,0.1,0.09956709956709957,3,logreg,3180,1060,fraction,0.7274404272518119,0.01692463821949118,0.11501588321689009,clean held-out test set (no pre-training detector reused),,,
framingham,tabular,health,edge_case_dropout,safety_critical_edge_case_coverage,physical_safety,0.1,0.09956709956709957,3,xgboost,3180,1060,fraction,0.6643475497274405,0.0643557988428994,0.12762009735512597,clean held-out test set (no pre-training detector reused),,,
framingham,tabular,health,edge_case_dropout,safety_critical_edge_case_coverage,physical_safety,0.2,0.20057720057720058,3,logreg,3180,1060,fraction,0.7240826591312638,0.02058477426267259,0.11569197595098907,clean held-out test set (no pre-training detector reused),,,
framingham,tabular,health,edge_case_dropout,safety_critical_edge_case_coverage,physical_safety,0.2,0.20057720057720058,3,xgboost,3180,1060,fraction,0.6618464961067853,0.056856033618271976,0.12788237225992644,clean held-out test set (no pre-training detector reused),,,
framingham,tabular,health,edge_case_dropout,safety_critical_edge_case_coverage,physical_safety,0.3,0.30014430014430016,3,logreg,3180,1060,fraction,0.7275924249856639,0.026326251773252048,0.11512372899260281,clean held-out test set (no pre-training detector reused),,,
framingham,tabular,health,edge_case_dropout,safety_critical_edge_case_coverage,physical_safety,0.3,0.30014430014430016,3,xgboost,3180,1060,fraction,0.6532033522409303,0.06289087698733399,0.1286843683422557,clean held-out test set (no pre-training detector reused),,,
framingham,tabular,health,edge_case_dropout,safety_critical_edge_case_coverage,physical_safety,0.4,0.3997113997113997,3,logreg,3180,1060,fraction,0.7289396776266246,0.02218494630224234,0.11483251223684202,clean held-out test set (no pre-training detector reused),,,
framingham,tabular,health,edge_case_dropout,safety_critical_edge_case_coverage,physical_safety,0.4,0.3997113997113997,3,xgboost,3180,1060,fraction,0.6674082313681868,0.04599880964807146,0.12738653862832663,clean held-out test set (no pre-training detector reused),,,
framingham,tabular,health,edge_case_dropout,safety_critical_edge_case_coverage,physical_safety,0.0,0.0,4,logreg,3180,1060,fraction,0.7300520246789048,0.019653313410975454,0.1161398634354795,clean held-out test set (no pre-training detector reused),0.7407407407407407,0.0,1.0
framingham,tabular,health,edge_case_dropout,safety_critical_edge_case_coverage,physical_safety,0.0,0.0,4,xgboost,3180,1060,fraction,0.6732186901940733,0.04744273725774068,0.12712097327830071,clean held-out test set (no pre-training detector reused),0.5277777777777778,0.0,1.0
framingham,tabular,health,edge_case_dropout,safety_critical_edge_case_coverage,physical_safety,0.03,0.030303030303030304,4,logreg,3180,1060,fraction,0.7286495001347253,0.022407869539443202,0.1162343218832402,clean held-out test set (no pre-training detector reused),0.712962962962963,0.0,1.0
framingham,tabular,health,edge_case_dropout,safety_critical_edge_case_coverage,physical_safety,0.03,0.030303030303030304,4,xgboost,3180,1060,fraction,0.6812538431245208,0.045109942984187384,0.12595418213449228,clean held-out test set (no pre-training detector reused),0.42592592592592593,0.0,1.0
framingham,tabular,health,edge_case_dropout,safety_critical_edge_case_coverage,physical_safety,0.05,0.050505050505050504,4,logreg,3180,1060,fraction,0.730114205570026,0.02063473906926159,0.11627656576214983,clean held-out test set (no pre-training detector reused),0.7314814814814815,0.0,1.0
framingham,tabular,health,edge_case_dropout,safety_critical_edge_case_coverage,physical_safety,0.05,0.050505050505050504,4,xgboost,3180,1060,fraction,0.6689143907309019,0.06386559337513734,0.1279268757684764,clean held-out test set (no pre-training detector reused),0.4722222222222222,0.0,1.0
framingham,tabular,health,edge_case_dropout,safety_critical_edge_case_coverage,physical_safety,0.1,0.09956709956709957,4,logreg,3180,1060,fraction,0.7284698664492638,0.0208662686557352,0.11635165531455899,clean held-out test set (no pre-training detector reused),0.6944444444444444,0.0,1.0
framingham,tabular,health,edge_case_dropout,safety_critical_edge_case_coverage,physical_safety,0.1,0.09956709956709957,4,xgboost,3180,1060,fraction,0.6659227989691789,0.05111379742442261,0.1267402986658741,clean held-out test set (no pre-training detector reused),0.41666666666666663,0.0,1.0
framingham,tabular,health,edge_case_dropout,safety_critical_edge_case_coverage,physical_safety,0.2,0.20057720057720058,4,logreg,3180,1060,fraction,0.7282073249089741,0.021832413682647617,0.11643194675361036,clean held-out test set (no pre-training detector reused),0.6944444444444444,0.0,1.0
framingham,tabular,health,edge_case_dropout,safety_critical_edge_case_coverage,physical_safety,0.2,0.20057720057720058,4,xgboost,3180,1060,fraction,0.6614665017721554,0.05861142409321817,0.13006006960584132,clean held-out test set (no pre-training detector reused),0.6203703703703703,0.0,1.0
framingham,tabular,health,edge_case_dropout,safety_critical_edge_case_coverage,physical_safety,0.3,0.30014430014430016,4,logreg,3180,1060,fraction,0.7285389563282875,0.022881655184090847,0.11618571285138006,clean held-out test set (no pre-training detector reused),0.6481481481481481,0.0,1.0
framingham,tabular,health,edge_case_dropout,safety_critical_edge_case_coverage,physical_safety,0.3,0.30014430014430016,4,xgboost,3180,1060,fraction,0.6654737147555254,0.055118093586017214,0.12909470583368748,clean held-out test set (no pre-training detector reused),0.43518518518518523,0.0,1.0
framingham,tabular,health,edge_case_dropout,safety_critical_edge_case_coverage,physical_safety,0.4,0.3997113997113997,4,logreg,3180,1060,fraction,0.7264869869212859,0.024082015652289034,0.11591778346741696,clean held-out test set (no pre-training detector reused),0.6481481481481483,0.0,1.0
framingham,tabular,health,edge_case_dropout,safety_critical_edge_case_coverage,physical_safety,0.4,0.3997113997113997,4,xgboost,3180,1060,fraction,0.658923994224086,0.06936711996007397,0.1298089326158345,clean held-out test set (no pre-training detector reused),0.4074074074074074,0.0,1.0
